{
    "type": "HoradricCubePanel", "name": "HoradricCubeLayout",
    "fields": {
        "priority": 10,
        "rect": "$LeftPanelRect",
        "anchor": "$LeftPanelAnchor",
    },
    "children": [
        {
            "type": "ClickCatcherWidget", "name": "click_catcher",
            "fields": {
                "rect": "$PanelClickCatcherRect"
            },
        },
        {
            "type": "ImageWidget", "name": "background",
            "fields": {
				"rect": { "scale": 0.5 },
                "filename": "PANEL\\Horadric_Cube\\HoradricCube_BG"
            },
        },
        {
            "type": "ImageWidget", "name": "LeftHinge",
            "fields": {
                "rect": "$LeftHingeRect",
                "filename": "$LeftHingeSprite"
            },
        },
        {
            "type": "TextBoxWidget", "name": "title",
            "fields": {
                "rect": "$InGamePanelTitleRect",
                "style": "$StyleTitleBlock",
                "text": "@box",
            },
        },
        {
            "type": "ButtonWidget", "name": "convert",
            "fields": {
                "rect": { "x": 520, "y": 969 },
                "filename": "PANEL\\Horadric_Cube\\TransmuteButton",
                "tooltipString": "@strUiMenu2",
                "hoveredFrame": 2,
                "onClickMessage": "HoradricCubePanelMessage:Convert",
            },
        },
        {
            "type": "ButtonWidget", "name": "close",
            "fields": {
                "rect": { "x": 1075, "y": 9 },
                "filename": "PANEL\\closebtn_4x",
                "hoveredFrame": 3,
                "tooltipString": "@strClose",
                "sound": "cursor_close_window_hd",
                "onClickMessage": "HoradricCubePanelMessage:Close",
            },
        },
        {
            "type": "InventoryGridWidget", "name": "grid",
            "fields": {
                "rect": { "x": 431, "y": 534 },
                "cellCount": { "x": 3, "y": 4 },
                "cellSize": "$ItemCellSize",
                "gemSocketFilename": "PANEL\\gemsocket",
            },
        },
        {
            "type": "AnimatedImageWidget", "name": "flourish",
            "fields": {
                "rect": { "x": 180, "y": 204, "scale":2 },
                "filename": "PANEL\\Horadric_Cube\\Flourish",
                "blendMode": "black",
                "fps": 14,
                "playing": false,
                "loop": false,
            },
        },
    ]
}
